--
-- PostgreSQL database dump
--

-- \restrict XcVEdYjYXNbJAK4CCIiPodLZIf28DF6MS2kJVYglqZEwBUgCdfhX23LeCOpx3UZ

-- Dumped from database version 16.14 (Debian 16.14-1.pgdg12+1)
-- Dumped by pg_dump version 16.14 (Debian 16.14-1.pgdg12+1)

SET statement_timeout = 0;
SET lock_timeout = 0;
SET idle_in_transaction_session_timeout = 0;
SET client_encoding = 'UTF8';
SET standard_conforming_strings = on;
SELECT pg_catalog.set_config('search_path', '', false);
SET check_function_bodies = false;
SET xmloption = content;
SET client_min_messages = warning;
SET row_security = off;

--
-- Name: public; Type: SCHEMA; Schema: -; Owner: postgres
--

-- *not* creating schema, since initdb creates it


-- ALTER SCHEMA public OWNER TO postgres;

--
-- Name: SCHEMA public; Type: COMMENT; Schema: -; Owner: postgres
--

COMMENT ON SCHEMA public IS '';


--
-- Name: pgcrypto; Type: EXTENSION; Schema: -; Owner: -
--

CREATE EXTENSION IF NOT EXISTS pgcrypto WITH SCHEMA public;


--
-- Name: EXTENSION pgcrypto; Type: COMMENT; Schema: -; Owner: 
--

COMMENT ON EXTENSION pgcrypto IS 'cryptographic functions';


--
-- Name: vector; Type: EXTENSION; Schema: -; Owner: -
--

CREATE EXTENSION IF NOT EXISTS vector WITH SCHEMA public;


--
-- Name: EXTENSION vector; Type: COMMENT; Schema: -; Owner: 
--

COMMENT ON EXTENSION vector IS 'vector data type and ivfflat and hnsw access methods';


SET default_tablespace = '';

SET default_table_access_method = heap;

--
-- Name: academic_terms; Type: TABLE; Schema: public; Owner: postgres
--

DROP TABLE IF EXISTS public.academic_terms CASCADE;
CREATE TABLE public.academic_terms (
    id uuid DEFAULT gen_random_uuid() NOT NULL,
    name character varying(200) NOT NULL,
    term_order integer DEFAULT 0 NOT NULL,
    created_at timestamp with time zone DEFAULT now() NOT NULL
);


-- ALTER TABLE public.academic_terms OWNER TO postgres;

--
-- Name: account; Type: TABLE; Schema: public; Owner: postgres
--

DROP TABLE IF EXISTS public.account CASCADE;
CREATE TABLE public.account (
    id uuid DEFAULT gen_random_uuid() NOT NULL,
    "accountId" text NOT NULL,
    "providerId" text NOT NULL,
    "userId" uuid NOT NULL,
    "accessToken" text,
    "refreshToken" text,
    "idToken" text,
    "accessTokenExpiresAt" timestamp without time zone,
    "refreshTokenExpiresAt" timestamp without time zone,
    scope text,
    password text,
    "createdAt" timestamp without time zone DEFAULT now() NOT NULL,
    "updatedAt" timestamp without time zone DEFAULT now() NOT NULL
);


-- ALTER TABLE public.account OWNER TO postgres;

--
-- Name: audit_logs; Type: TABLE; Schema: public; Owner: postgres
--

DROP TABLE IF EXISTS public.audit_logs CASCADE;
CREATE TABLE public.audit_logs (
    id uuid DEFAULT gen_random_uuid() NOT NULL,
    user_id uuid NOT NULL,
    action character varying(50) NOT NULL,
    target_table character varying(50) NOT NULL,
    target_id uuid NOT NULL,
    ip_address character varying(45),
    description text,
    created_at timestamp with time zone DEFAULT now() NOT NULL
);


-- ALTER TABLE public.audit_logs OWNER TO postgres;

--
-- Name: document_chapters; Type: TABLE; Schema: public; Owner: postgres
--

DROP TABLE IF EXISTS public.document_chapters CASCADE;
CREATE TABLE public.document_chapters (
    id uuid DEFAULT gen_random_uuid() NOT NULL,
    document_id uuid NOT NULL,
    parent_chapter_id uuid,
    title character varying(400) NOT NULL,
    summary text,
    chapter_order integer NOT NULL,
    start_page integer,
    end_page integer,
    start_chunk_index integer,
    end_chunk_index integer,
    is_ai_generated boolean DEFAULT false NOT NULL,
    confidence_score numeric(5,4),
    created_at timestamp with time zone DEFAULT now() NOT NULL
);


-- ALTER TABLE public.document_chapters OWNER TO postgres;

--
-- Name: document_chunks; Type: TABLE; Schema: public; Owner: postgres
--

DROP TABLE IF EXISTS public.document_chunks CASCADE;
CREATE TABLE public.document_chunks (
    id uuid DEFAULT gen_random_uuid() NOT NULL,
    document_id uuid NOT NULL,
    chapter_id uuid,
    chunk_order integer NOT NULL,
    page_number integer,
    content text NOT NULL,
    content_tokens integer,
    chunk_hash character varying(64),
    metadata jsonb DEFAULT '{}'::jsonb NOT NULL,
    created_at timestamp with time zone DEFAULT now() NOT NULL,
    embedding public.vector(3072)
);


-- ALTER TABLE public.document_chunks OWNER TO postgres;

--
-- Name: document_files; Type: TABLE; Schema: public; Owner: postgres
--

DROP TABLE IF EXISTS public.document_files CASCADE;
CREATE TABLE public.document_files (
    id uuid DEFAULT gen_random_uuid() NOT NULL,
    document_id uuid NOT NULL,
    original_filename character varying(255) NOT NULL,
    storage_path text NOT NULL,
    file_url text,
    mime_type character varying(100),
    file_size_bytes bigint NOT NULL,
    checksum_sha256 character varying(64),
    page_count integer,
    extracted_text text,
    extraction_status character varying(30) DEFAULT 'pending'::character varying NOT NULL,
    created_at timestamp with time zone DEFAULT now() NOT NULL,
    s3_bucket character varying(128),
    s3_key character varying(512)
);


-- ALTER TABLE public.document_files OWNER TO postgres;

--
-- Name: document_reports; Type: TABLE; Schema: public; Owner: postgres
--

DROP TABLE IF EXISTS public.document_reports CASCADE;
CREATE TABLE public.document_reports (
    id uuid DEFAULT gen_random_uuid() NOT NULL,
    document_id uuid NOT NULL,
    reporter_user_id uuid NOT NULL,
    reason character varying(255) NOT NULL,
    status character varying(50) DEFAULT 'pending'::character varying NOT NULL,
    created_at timestamp with time zone DEFAULT now() NOT NULL
);


-- ALTER TABLE public.document_reports OWNER TO postgres;

--
-- Name: document_sources; Type: TABLE; Schema: public; Owner: postgres
--

DROP TABLE IF EXISTS public.document_sources CASCADE;
CREATE TABLE public.document_sources (
    id uuid DEFAULT gen_random_uuid() NOT NULL,
    name character varying(200) NOT NULL,
    created_at timestamp with time zone DEFAULT now() NOT NULL
);


-- ALTER TABLE public.document_sources OWNER TO postgres;

--
-- Name: document_types; Type: TABLE; Schema: public; Owner: postgres
--

DROP TABLE IF EXISTS public.document_types CASCADE;
CREATE TABLE public.document_types (
    id uuid DEFAULT gen_random_uuid() NOT NULL,
    name character varying(50) NOT NULL,
    description text,
    created_at timestamp with time zone DEFAULT now() NOT NULL
);


-- ALTER TABLE public.document_types OWNER TO postgres;

--
-- Name: documents; Type: TABLE; Schema: public; Owner: postgres
--

DROP TABLE IF EXISTS public.documents CASCADE;
CREATE TABLE public.documents (
    id uuid DEFAULT gen_random_uuid() NOT NULL,
    owner_user_id uuid NOT NULL,
    title character varying(300) NOT NULL,
    description text,
    subject_id uuid,
    status character varying(30) DEFAULT 'pending'::character varying NOT NULL,
    visibility character varying(30) DEFAULT 'school_wide'::character varying NOT NULL,
    page_count integer,
    total_chunks integer DEFAULT 0 NOT NULL,
    total_chapters integer DEFAULT 0 NOT NULL,
    view_count integer DEFAULT 0 NOT NULL,
    download_count integer DEFAULT 0 NOT NULL,
    search_text text,
    created_at timestamp with time zone DEFAULT now() NOT NULL,
    updated_at timestamp with time zone DEFAULT now() NOT NULL,
    approved_at timestamp with time zone,
    slug character varying(255),
    document_type_id uuid,
    language_id uuid,
    md5_hash character varying(32),
    academic_term_id uuid,
    document_source_id uuid
);


-- ALTER TABLE public.documents OWNER TO postgres;





--
-- Name: languages; Type: TABLE; Schema: public; Owner: postgres
--

DROP TABLE IF EXISTS public.languages CASCADE;
CREATE TABLE public.languages (
    id uuid DEFAULT gen_random_uuid() NOT NULL,
    code character varying(10) NOT NULL,
    name character varying(50) NOT NULL,
    created_at timestamp with time zone DEFAULT now() NOT NULL
);


-- ALTER TABLE public.languages OWNER TO postgres;

--
-- Name: roles; Type: TABLE; Schema: public; Owner: postgres
--

DROP TABLE IF EXISTS public.roles CASCADE;
CREATE TABLE public.roles (
    id smallint NOT NULL,
    name character varying(50) NOT NULL
);


-- ALTER TABLE public.roles OWNER TO postgres;

--
-- Name: session; Type: TABLE; Schema: public; Owner: postgres
--

DROP TABLE IF EXISTS public.session CASCADE;
CREATE TABLE public.session (
    id uuid DEFAULT gen_random_uuid() NOT NULL,
    "expiresAt" timestamp without time zone NOT NULL,
    token text NOT NULL,
    "createdAt" timestamp without time zone DEFAULT now() NOT NULL,
    "updatedAt" timestamp without time zone DEFAULT now() NOT NULL,
    "ipAddress" text,
    "userAgent" text,
    "userId" uuid NOT NULL
);


-- ALTER TABLE public.session OWNER TO postgres;

--
-- Name: subjects; Type: TABLE; Schema: public; Owner: postgres
--

DROP TABLE IF EXISTS public.subjects CASCADE;
CREATE TABLE public.subjects (
    id uuid DEFAULT gen_random_uuid() NOT NULL,
    code character varying(50) NOT NULL,
    name character varying(200) NOT NULL,
    academic_term_id uuid,
    created_at timestamp with time zone DEFAULT now() NOT NULL
);


-- ALTER TABLE public.subjects OWNER TO postgres;

--
-- Name: upload_jobs; Type: TABLE; Schema: public; Owner: postgres
--

DROP TABLE IF EXISTS public.upload_jobs CASCADE;
CREATE TABLE public.upload_jobs (
    id uuid DEFAULT gen_random_uuid() NOT NULL,
    owner_user_id uuid NOT NULL,
    document_id uuid,
    file_name character varying(255) NOT NULL,
    file_size_bytes bigint NOT NULL,
    status character varying(50) DEFAULT 'pending'::character varying NOT NULL,
    progress_percent integer DEFAULT 0 NOT NULL,
    message text,
    created_at timestamp with time zone DEFAULT now() NOT NULL,
    updated_at timestamp with time zone DEFAULT now() NOT NULL,
    storage_path text,
    is_notified boolean DEFAULT false NOT NULL
);


-- ALTER TABLE public.upload_jobs OWNER TO postgres;

--
-- Name: user_bookmarks; Type: TABLE; Schema: public; Owner: postgres
--

DROP TABLE IF EXISTS public.user_bookmarks CASCADE;
CREATE TABLE public.user_bookmarks (
    user_id uuid NOT NULL,
    document_id uuid NOT NULL,
    created_at timestamp with time zone DEFAULT now() NOT NULL
);


-- ALTER TABLE public.user_bookmarks OWNER TO postgres;

--
-- Name: users; Type: TABLE; Schema: public; Owner: postgres
--

DROP TABLE IF EXISTS public.users CASCADE;
CREATE TABLE public.users (
    id uuid DEFAULT gen_random_uuid() NOT NULL,
    email character varying(255) NOT NULL,
    name character varying(100) NOT NULL,
    created_at timestamp without time zone DEFAULT now(),
    updated_at timestamp without time zone DEFAULT now(),
    "emailVerified" boolean DEFAULT false NOT NULL,
    image text,
    "createdAt" timestamp without time zone DEFAULT now() NOT NULL,
    "updatedAt" timestamp without time zone DEFAULT now() NOT NULL,
    username text,
    "displayUsername" text,
    role_id smallint DEFAULT 3 NOT NULL,
    is_active boolean DEFAULT true NOT NULL,
    is_blocked boolean DEFAULT false NOT NULL
);


-- ALTER TABLE public.users OWNER TO postgres;

--
-- Name: verification; Type: TABLE; Schema: public; Owner: postgres
--

DROP TABLE IF EXISTS public.verification CASCADE;
CREATE TABLE public.verification (
    id uuid DEFAULT gen_random_uuid() NOT NULL,
    identifier text NOT NULL,
    value text NOT NULL,
    "expiresAt" timestamp without time zone NOT NULL,
    "createdAt" timestamp without time zone DEFAULT now(),
    "updatedAt" timestamp without time zone DEFAULT now()
);


-- ALTER TABLE public.verification OWNER TO postgres;

--
-- Data for Name: academic_terms; Type: TABLE DATA; Schema: public; Owner: postgres
--

-- Table had no data to insert: COPY public.academic_terms (id, name, term_order, created_at) FROM stdin;


--
-- Data for Name: account; Type: TABLE DATA; Schema: public; Owner: postgres
--

INSERT INTO public.account (id, "accountId", "providerId", "userId", "accessToken", "refreshToken", "idToken", "accessTokenExpiresAt", "refreshTokenExpiresAt", scope, password, "createdAt", "updatedAt") VALUES
  ('7a5a0e3c-2053-4fa0-8525-d92a1ed5f607', '91f66502-b289-4452-8ede-ca704d384a3a', 'credential', '91f66502-b289-4452-8ede-ca704d384a3a', NULL, NULL, NULL, NULL, NULL, NULL, '3c2921c4bd4ffd5c70ebbe61c1d94179:1d81454b292b63683a38be227d474cd5d4a7ba7ecd022595d2deb9afb98aa6dcad9102a642ab792de51188b4e88d0640a3ddbb15de7b649efd42108fc9cb5435', '2026-06-11 14:21:40.418', '2026-06-11 14:21:40.418'),
  ('4c064ebe-eb7a-4eb3-abd1-b81c4f7b3650', '108ce3a8-a3cb-4baf-8a4b-8d3ef8af93a4', 'credential', '108ce3a8-a3cb-4baf-8a4b-8d3ef8af93a4', NULL, NULL, NULL, NULL, NULL, NULL, '054737fce363f9ba119d527cea91cf2b:26c213d7d2e61e16ce0552c2822e31cbaf5591822868e54fcc631c0c22c99bd9dcf7df0fcf014c508d8ab3baea1b330f95617a29e302c55b30febb538fb5267e', '2026-06-11 14:21:40.488', '2026-06-11 14:21:40.488'),
  ('f87be32f-86c4-4b77-a2a6-42439f66c03e', 'f60bf153-7cd7-4fcc-8399-487e9d49a6dd', 'credential', 'f60bf153-7cd7-4fcc-8399-487e9d49a6dd', NULL, NULL, NULL, NULL, NULL, NULL, '2d81fa118da7f4cfdc51407c2650f865:44eb6918ac6d3a0f68158fe7953ca97715046e80c4466d35afb2191af3573dfee19a0d80293a1cdea569b7d5369d7b99f7e1e0f00cb2f91e4c151e8a1937c295', '2026-06-11 14:21:40.553', '2026-06-11 14:21:40.553');


--
-- Data for Name: audit_logs; Type: TABLE DATA; Schema: public; Owner: postgres
--

-- Table had no data to insert: COPY public.audit_logs (id, user_id, action, target_table, target_id, ip_address, description, created_at) FROM stdin;


--
-- Data for Name: document_chapters; Type: TABLE DATA; Schema: public; Owner: postgres
--

-- Table had no data to insert: COPY public.document_chapters (id, document_id, parent_chapter_id, title, summary, chapter_order, start_page, end_page, start_chunk_index, end_chunk_index, is_ai_generated, confidence_score, created_at) FROM stdin;


--
-- Data for Name: document_chunks; Type: TABLE DATA; Schema: public; Owner: postgres
--

-- Table had no data to insert: COPY public.document_chunks (id, document_id, chapter_id, chunk_order, page_number, content, content_tokens, chunk_hash, metadata, created_at, embedding) FROM stdin;


--
-- Data for Name: document_files; Type: TABLE DATA; Schema: public; Owner: postgres
--

-- Table had no data to insert: COPY public.document_files (id, document_id, original_filename, storage_path, file_url, mime_type, file_size_bytes, checksum_sha256, page_count, extracted_text, extraction_status, created_at, s3_bucket, s3_key) FROM stdin;


--
-- Data for Name: document_reports; Type: TABLE DATA; Schema: public; Owner: postgres
--

-- Table had no data to insert: COPY public.document_reports (id, document_id, reporter_user_id, reason, status, created_at) FROM stdin;


--
-- Data for Name: document_sources; Type: TABLE DATA; Schema: public; Owner: postgres
--

-- Table had no data to insert: COPY public.document_sources (id, name, created_at) FROM stdin;


--
-- Data for Name: document_types; Type: TABLE DATA; Schema: public; Owner: postgres
--

-- Table had no data to insert: COPY public.document_types (id, name, description, created_at) FROM stdin;


--
-- Data for Name: documents; Type: TABLE DATA; Schema: public; Owner: postgres
--

-- Table had no data to insert: COPY public.documents (id, owner_user_id, title, description, subject_id, status, visibility, page_count, total_chunks, total_chapters, view_count, download_count, search_text, created_at, updated_at, approved_at, slug, document_type_id, language_id, md5_hash, academic_term_id, document_source_id) FROM stdin;





--
-- Data for Name: languages; Type: TABLE DATA; Schema: public; Owner: postgres
--

-- Table had no data to insert: COPY public.languages (id, code, name, created_at) FROM stdin;


--
-- Data for Name: roles; Type: TABLE DATA; Schema: public; Owner: postgres
--

INSERT INTO public.roles (id, name) VALUES
  ('1', 'Admin'),
  ('2', 'Lecturer'),
  ('3', 'Student');


--
-- Data for Name: session; Type: TABLE DATA; Schema: public; Owner: postgres
--

INSERT INTO public.session (id, "expiresAt", token, "createdAt", "updatedAt", "ipAddress", "userAgent", "userId") VALUES
  ('a8a493f6-bd4f-4533-b151-cc59c1603102', '2026-06-18 14:21:40.422', 'i2lDZoY22EP10AWFWH6HaThKwzh4kp4n', '2026-06-11 14:21:40.422', '2026-06-11 14:21:40.422', '', 'Bun/1.3.14', '91f66502-b289-4452-8ede-ca704d384a3a'),
  ('b2796ad2-c5fa-45d3-994d-51d518f71657', '2026-06-18 14:21:40.491', 'fUuvEYkDtUwP2hZ3RNr5ITJg6zwQXgEG', '2026-06-11 14:21:40.491', '2026-06-11 14:21:40.491', '', 'Bun/1.3.14', '108ce3a8-a3cb-4baf-8a4b-8d3ef8af93a4'),
  ('5d3ae020-2ad3-457e-ae58-e9baaf7d5531', '2026-06-18 14:21:40.555', 'cazruSLcHkgtUThFEtULb3LHNdv1A5vd', '2026-06-11 14:21:40.555', '2026-06-11 14:21:40.555', '', 'Bun/1.3.14', 'f60bf153-7cd7-4fcc-8399-487e9d49a6dd'),
  ('6bf635c0-0c95-4eae-8f84-8603ad438b61', '2026-06-18 14:26:55.136', 'BnZKVOWYdqyZdQ8TOWoMN7N5s92bZHWT', '2026-06-11 14:26:55.136', '2026-06-11 14:26:55.136', '', 'Bun/1.3.14', '91f66502-b289-4452-8ede-ca704d384a3a'),
  ('95bccba4-ed2d-45ef-bd60-30c352c9ce7a', '2026-06-18 14:30:05.804', 'F2k051KosrPnRqVGGTL4E611KP7LRwcy', '2026-06-11 14:30:05.804', '2026-06-11 14:30:05.804', '', 'Bun/1.3.14', '91f66502-b289-4452-8ede-ca704d384a3a');


--
-- Data for Name: subjects; Type: TABLE DATA; Schema: public; Owner: postgres
--

-- Table had no data to insert: COPY public.subjects (id, code, name, academic_term_id, created_at) FROM stdin;


--
-- Data for Name: upload_jobs; Type: TABLE DATA; Schema: public; Owner: postgres
--

-- Table had no data to insert: COPY public.upload_jobs (id, owner_user_id, document_id, file_name, file_size_bytes, status, progress_percent, message, created_at, updated_at, storage_path, is_notified) FROM stdin;


--
-- Data for Name: user_bookmarks; Type: TABLE DATA; Schema: public; Owner: postgres
--

-- Table had no data to insert: COPY public.user_bookmarks (user_id, document_id, created_at) FROM stdin;


--
-- Data for Name: users; Type: TABLE DATA; Schema: public; Owner: postgres
--

INSERT INTO public.users (id, email, name, created_at, updated_at, "emailVerified", image, "createdAt", "updatedAt", username, "displayUsername", role_id, is_active, is_blocked) VALUES
  ('91f66502-b289-4452-8ede-ca704d384a3a', 'admin@studymate.edu.vn', 'Admin', '2026-06-11 07:21:40.416035', '2026-06-11 07:21:40.416035', 'f', NULL, '2026-06-11 14:21:40.412', '2026-06-11 14:21:40.412', NULL, NULL, '1', 't', 'f'),
  ('108ce3a8-a3cb-4baf-8a4b-8d3ef8af93a4', 'giangvien@studymate.edu.vn', 'Giang Vien', '2026-06-11 07:21:40.487763', '2026-06-11 07:21:40.487763', 'f', NULL, '2026-06-11 14:21:40.485', '2026-06-11 14:21:40.485', NULL, NULL, '2', 't', 'f'),
  ('f60bf153-7cd7-4fcc-8399-487e9d49a6dd', 'sinhvien@studymate.edu.vn', 'Sinh Vien', '2026-06-11 07:21:40.552503', '2026-06-11 07:21:40.552503', 'f', NULL, '2026-06-11 14:21:40.55', '2026-06-11 14:21:40.55', NULL, NULL, '3', 't', 'f');


--
-- Data for Name: verification; Type: TABLE DATA; Schema: public; Owner: postgres
--

-- Table had no data to insert: COPY public.verification (id, identifier, value, "expiresAt", "createdAt", "updatedAt") FROM stdin;


--
-- Name: academic_terms academic_terms_name_key; Type: CONSTRAINT; Schema: public; Owner: postgres
--

ALTER TABLE ONLY public.academic_terms
    ADD CONSTRAINT academic_terms_name_key UNIQUE (name);


--
-- Name: academic_terms academic_terms_pkey; Type: CONSTRAINT; Schema: public; Owner: postgres
--

ALTER TABLE ONLY public.academic_terms
    ADD CONSTRAINT academic_terms_pkey PRIMARY KEY (id);


--
-- Name: account account_pkey; Type: CONSTRAINT; Schema: public; Owner: postgres
--

ALTER TABLE ONLY public.account
    ADD CONSTRAINT account_pkey PRIMARY KEY (id);


--
-- Name: audit_logs audit_logs_pkey; Type: CONSTRAINT; Schema: public; Owner: postgres
--

ALTER TABLE ONLY public.audit_logs
    ADD CONSTRAINT audit_logs_pkey PRIMARY KEY (id);


--
-- Name: document_chapters document_chapters_pkey; Type: CONSTRAINT; Schema: public; Owner: postgres
--

ALTER TABLE ONLY public.document_chapters
    ADD CONSTRAINT document_chapters_pkey PRIMARY KEY (id);


--
-- Name: document_chunks document_chunks_pkey; Type: CONSTRAINT; Schema: public; Owner: postgres
--

ALTER TABLE ONLY public.document_chunks
    ADD CONSTRAINT document_chunks_pkey PRIMARY KEY (id);


--
-- Name: document_files document_files_pkey; Type: CONSTRAINT; Schema: public; Owner: postgres
--

ALTER TABLE ONLY public.document_files
    ADD CONSTRAINT document_files_pkey PRIMARY KEY (id);


--
-- Name: document_reports document_reports_pkey; Type: CONSTRAINT; Schema: public; Owner: postgres
--

ALTER TABLE ONLY public.document_reports
    ADD CONSTRAINT document_reports_pkey PRIMARY KEY (id);


--
-- Name: document_sources document_sources_name_key; Type: CONSTRAINT; Schema: public; Owner: postgres
--

ALTER TABLE ONLY public.document_sources
    ADD CONSTRAINT document_sources_name_key UNIQUE (name);


--
-- Name: document_sources document_sources_pkey; Type: CONSTRAINT; Schema: public; Owner: postgres
--

ALTER TABLE ONLY public.document_sources
    ADD CONSTRAINT document_sources_pkey PRIMARY KEY (id);


--
-- Name: document_types document_types_name_key; Type: CONSTRAINT; Schema: public; Owner: postgres
--

ALTER TABLE ONLY public.document_types
    ADD CONSTRAINT document_types_name_key UNIQUE (name);


--
-- Name: document_types document_types_pkey; Type: CONSTRAINT; Schema: public; Owner: postgres
--

ALTER TABLE ONLY public.document_types
    ADD CONSTRAINT document_types_pkey PRIMARY KEY (id);


--
-- Name: documents documents_pkey; Type: CONSTRAINT; Schema: public; Owner: postgres
--

ALTER TABLE ONLY public.documents
    ADD CONSTRAINT documents_pkey PRIMARY KEY (id);


--
-- Name: documents documents_slug_key; Type: CONSTRAINT; Schema: public; Owner: postgres
--

ALTER TABLE ONLY public.documents
    ADD CONSTRAINT documents_slug_key UNIQUE (slug);





--
-- Name: languages languages_code_key; Type: CONSTRAINT; Schema: public; Owner: postgres
--

ALTER TABLE ONLY public.languages
    ADD CONSTRAINT languages_code_key UNIQUE (code);


--
-- Name: languages languages_pkey; Type: CONSTRAINT; Schema: public; Owner: postgres
--

ALTER TABLE ONLY public.languages
    ADD CONSTRAINT languages_pkey PRIMARY KEY (id);


--
-- Name: roles roles_name_key; Type: CONSTRAINT; Schema: public; Owner: postgres
--

ALTER TABLE ONLY public.roles
    ADD CONSTRAINT roles_name_key UNIQUE (name);


--
-- Name: roles roles_pkey; Type: CONSTRAINT; Schema: public; Owner: postgres
--

ALTER TABLE ONLY public.roles
    ADD CONSTRAINT roles_pkey PRIMARY KEY (id);


--
-- Name: session session_pkey; Type: CONSTRAINT; Schema: public; Owner: postgres
--

ALTER TABLE ONLY public.session
    ADD CONSTRAINT session_pkey PRIMARY KEY (id);


--
-- Name: session session_token_key; Type: CONSTRAINT; Schema: public; Owner: postgres
--

ALTER TABLE ONLY public.session
    ADD CONSTRAINT session_token_key UNIQUE (token);


--
-- Name: subjects subjects_code_key; Type: CONSTRAINT; Schema: public; Owner: postgres
--

ALTER TABLE ONLY public.subjects
    ADD CONSTRAINT subjects_code_key UNIQUE (code);


--
-- Name: subjects subjects_pkey; Type: CONSTRAINT; Schema: public; Owner: postgres
--

ALTER TABLE ONLY public.subjects
    ADD CONSTRAINT subjects_pkey PRIMARY KEY (id);


--
-- Name: upload_jobs upload_jobs_pkey; Type: CONSTRAINT; Schema: public; Owner: postgres
--

ALTER TABLE ONLY public.upload_jobs
    ADD CONSTRAINT upload_jobs_pkey PRIMARY KEY (id);


--
-- Name: user_bookmarks user_bookmarks_pkey; Type: CONSTRAINT; Schema: public; Owner: postgres
--

ALTER TABLE ONLY public.user_bookmarks
    ADD CONSTRAINT user_bookmarks_pkey PRIMARY KEY (user_id, document_id);


--
-- Name: users users_email_key; Type: CONSTRAINT; Schema: public; Owner: postgres
--

ALTER TABLE ONLY public.users
    ADD CONSTRAINT users_email_key UNIQUE (email);


--
-- Name: users users_pkey; Type: CONSTRAINT; Schema: public; Owner: postgres
--

ALTER TABLE ONLY public.users
    ADD CONSTRAINT users_pkey PRIMARY KEY (id);


--
-- Name: users users_username_key; Type: CONSTRAINT; Schema: public; Owner: postgres
--

ALTER TABLE ONLY public.users
    ADD CONSTRAINT users_username_key UNIQUE (username);


--
-- Name: verification verification_pkey; Type: CONSTRAINT; Schema: public; Owner: postgres
--

ALTER TABLE ONLY public.verification
    ADD CONSTRAINT verification_pkey PRIMARY KEY (id);


--
-- Name: idx_audit_logs_created_at; Type: INDEX; Schema: public; Owner: postgres
--

CREATE INDEX idx_audit_logs_created_at ON public.audit_logs USING btree (created_at DESC);


--
-- Name: idx_audit_logs_user_id; Type: INDEX; Schema: public; Owner: postgres
--

CREATE INDEX idx_audit_logs_user_id ON public.audit_logs USING btree (user_id);


--
-- Name: idx_document_chapters_document_id; Type: INDEX; Schema: public; Owner: postgres
--

CREATE INDEX idx_document_chapters_document_id ON public.document_chapters USING btree (document_id);


--
-- Name: idx_document_chapters_order; Type: INDEX; Schema: public; Owner: postgres
--

CREATE INDEX idx_document_chapters_order ON public.document_chapters USING btree (document_id, chapter_order);


--
-- Name: idx_document_chunks_chapter_id; Type: INDEX; Schema: public; Owner: postgres
--

CREATE INDEX idx_document_chunks_chapter_id ON public.document_chunks USING btree (chapter_id);


--
-- Name: idx_document_chunks_document_id; Type: INDEX; Schema: public; Owner: postgres
--

CREATE INDEX idx_document_chunks_document_id ON public.document_chunks USING btree (document_id);


--
-- Name: idx_document_chunks_metadata_gin; Type: INDEX; Schema: public; Owner: postgres
--

CREATE INDEX idx_document_chunks_metadata_gin ON public.document_chunks USING gin (metadata);


--
-- Name: idx_document_files_document_id; Type: INDEX; Schema: public; Owner: postgres
--

CREATE INDEX idx_document_files_document_id ON public.document_files USING btree (document_id);


--
-- Name: idx_documents_md5_hash; Type: INDEX; Schema: public; Owner: postgres
--

CREATE INDEX idx_documents_md5_hash ON public.documents USING btree (md5_hash);


--
-- Name: idx_documents_owner_user_id; Type: INDEX; Schema: public; Owner: postgres
--

CREATE INDEX idx_documents_owner_user_id ON public.documents USING btree (owner_user_id);


--
-- Name: idx_documents_search_fts; Type: INDEX; Schema: public; Owner: postgres
--

CREATE INDEX idx_documents_search_fts ON public.documents USING gin (to_tsvector('simple'::regconfig, (((((COALESCE(title, ''::character varying))::text || ' '::text) || COALESCE(description, ''::text)) || ' '::text) || COALESCE(search_text, ''::text))));


--
-- Name: idx_documents_status; Type: INDEX; Schema: public; Owner: postgres
--

CREATE INDEX idx_documents_status ON public.documents USING btree (status);


--
-- Name: idx_documents_subject_id; Type: INDEX; Schema: public; Owner: postgres
--

CREATE INDEX idx_documents_subject_id ON public.documents USING btree (subject_id);


--
-- Name: idx_users_role_id; Type: INDEX; Schema: public; Owner: postgres
--

CREATE INDEX idx_users_role_id ON public.users USING btree (role_id);


--
-- Name: ix_documents_slug; Type: INDEX; Schema: public; Owner: postgres
--

CREATE UNIQUE INDEX ix_documents_slug ON public.documents USING btree (slug);


--
-- Name: account account_userId_fkey; Type: FK CONSTRAINT; Schema: public; Owner: postgres
--

ALTER TABLE ONLY public.account
    ADD CONSTRAINT "account_userId_fkey" FOREIGN KEY ("userId") REFERENCES public.users(id) ON DELETE CASCADE;


--
-- Name: audit_logs audit_logs_user_id_fkey; Type: FK CONSTRAINT; Schema: public; Owner: postgres
--

ALTER TABLE ONLY public.audit_logs
    ADD CONSTRAINT audit_logs_user_id_fkey FOREIGN KEY (user_id) REFERENCES public.users(id) ON DELETE CASCADE;


--
-- Name: document_chapters document_chapters_document_id_fkey; Type: FK CONSTRAINT; Schema: public; Owner: postgres
--

ALTER TABLE ONLY public.document_chapters
    ADD CONSTRAINT document_chapters_document_id_fkey FOREIGN KEY (document_id) REFERENCES public.documents(id) ON DELETE CASCADE;


--
-- Name: document_chapters document_chapters_parent_chapter_id_fkey; Type: FK CONSTRAINT; Schema: public; Owner: postgres
--

ALTER TABLE ONLY public.document_chapters
    ADD CONSTRAINT document_chapters_parent_chapter_id_fkey FOREIGN KEY (parent_chapter_id) REFERENCES public.document_chapters(id) ON DELETE CASCADE;


--
-- Name: document_chunks document_chunks_chapter_id_fkey; Type: FK CONSTRAINT; Schema: public; Owner: postgres
--

ALTER TABLE ONLY public.document_chunks
    ADD CONSTRAINT document_chunks_chapter_id_fkey FOREIGN KEY (chapter_id) REFERENCES public.document_chapters(id) ON DELETE SET NULL;


--
-- Name: document_chunks document_chunks_document_id_fkey; Type: FK CONSTRAINT; Schema: public; Owner: postgres
--

ALTER TABLE ONLY public.document_chunks
    ADD CONSTRAINT document_chunks_document_id_fkey FOREIGN KEY (document_id) REFERENCES public.documents(id) ON DELETE CASCADE;


--
-- Name: document_files document_files_document_id_fkey; Type: FK CONSTRAINT; Schema: public; Owner: postgres
--

ALTER TABLE ONLY public.document_files
    ADD CONSTRAINT document_files_document_id_fkey FOREIGN KEY (document_id) REFERENCES public.documents(id) ON DELETE CASCADE;


--
-- Name: document_reports document_reports_document_id_fkey; Type: FK CONSTRAINT; Schema: public; Owner: postgres
--

ALTER TABLE ONLY public.document_reports
    ADD CONSTRAINT document_reports_document_id_fkey FOREIGN KEY (document_id) REFERENCES public.documents(id) ON DELETE CASCADE;


--
-- Name: document_reports document_reports_reporter_user_id_fkey; Type: FK CONSTRAINT; Schema: public; Owner: postgres
--

ALTER TABLE ONLY public.document_reports
    ADD CONSTRAINT document_reports_reporter_user_id_fkey FOREIGN KEY (reporter_user_id) REFERENCES public.users(id) ON DELETE CASCADE;


--
-- Name: documents documents_academic_term_id_fkey; Type: FK CONSTRAINT; Schema: public; Owner: postgres
--

ALTER TABLE ONLY public.documents
    ADD CONSTRAINT documents_academic_term_id_fkey FOREIGN KEY (academic_term_id) REFERENCES public.academic_terms(id) ON DELETE SET NULL;


--
-- Name: documents documents_document_source_id_fkey; Type: FK CONSTRAINT; Schema: public; Owner: postgres
--

ALTER TABLE ONLY public.documents
    ADD CONSTRAINT documents_document_source_id_fkey FOREIGN KEY (document_source_id) REFERENCES public.document_sources(id) ON DELETE SET NULL;


--
-- Name: documents documents_document_type_id_fkey; Type: FK CONSTRAINT; Schema: public; Owner: postgres
--

ALTER TABLE ONLY public.documents
    ADD CONSTRAINT documents_document_type_id_fkey FOREIGN KEY (document_type_id) REFERENCES public.document_types(id) ON DELETE SET NULL;


--
-- Name: documents documents_language_id_fkey; Type: FK CONSTRAINT; Schema: public; Owner: postgres
--

ALTER TABLE ONLY public.documents
    ADD CONSTRAINT documents_language_id_fkey FOREIGN KEY (language_id) REFERENCES public.languages(id) ON DELETE SET NULL;


--
-- Name: documents documents_owner_user_id_fkey; Type: FK CONSTRAINT; Schema: public; Owner: postgres
--

ALTER TABLE ONLY public.documents
    ADD CONSTRAINT documents_owner_user_id_fkey FOREIGN KEY (owner_user_id) REFERENCES public.users(id) ON DELETE CASCADE;


--
-- Name: documents documents_subject_id_fkey; Type: FK CONSTRAINT; Schema: public; Owner: postgres
--

ALTER TABLE ONLY public.documents
    ADD CONSTRAINT documents_subject_id_fkey FOREIGN KEY (subject_id) REFERENCES public.subjects(id) ON DELETE SET NULL;


--
-- Name: session session_userId_fkey; Type: FK CONSTRAINT; Schema: public; Owner: postgres
--

ALTER TABLE ONLY public.session
    ADD CONSTRAINT "session_userId_fkey" FOREIGN KEY ("userId") REFERENCES public.users(id) ON DELETE CASCADE;


--
-- Name: subjects subjects_academic_term_id_fkey; Type: FK CONSTRAINT; Schema: public; Owner: postgres
--

ALTER TABLE ONLY public.subjects
    ADD CONSTRAINT subjects_academic_term_id_fkey FOREIGN KEY (academic_term_id) REFERENCES public.academic_terms(id) ON DELETE SET NULL;


--
-- Name: upload_jobs upload_jobs_document_id_fkey; Type: FK CONSTRAINT; Schema: public; Owner: postgres
--

ALTER TABLE ONLY public.upload_jobs
    ADD CONSTRAINT upload_jobs_document_id_fkey FOREIGN KEY (document_id) REFERENCES public.documents(id) ON DELETE SET NULL;


--
-- Name: upload_jobs upload_jobs_owner_user_id_fkey; Type: FK CONSTRAINT; Schema: public; Owner: postgres
--

ALTER TABLE ONLY public.upload_jobs
    ADD CONSTRAINT upload_jobs_owner_user_id_fkey FOREIGN KEY (owner_user_id) REFERENCES public.users(id) ON DELETE CASCADE;


--
-- Name: user_bookmarks user_bookmarks_document_id_fkey; Type: FK CONSTRAINT; Schema: public; Owner: postgres
--

ALTER TABLE ONLY public.user_bookmarks
    ADD CONSTRAINT user_bookmarks_document_id_fkey FOREIGN KEY (document_id) REFERENCES public.documents(id) ON DELETE CASCADE;


--
-- Name: user_bookmarks user_bookmarks_user_id_fkey; Type: FK CONSTRAINT; Schema: public; Owner: postgres
--

ALTER TABLE ONLY public.user_bookmarks
    ADD CONSTRAINT user_bookmarks_user_id_fkey FOREIGN KEY (user_id) REFERENCES public.users(id) ON DELETE CASCADE;


--
-- Name: users users_role_id_fkey; Type: FK CONSTRAINT; Schema: public; Owner: postgres
--

ALTER TABLE ONLY public.users
    ADD CONSTRAINT users_role_id_fkey FOREIGN KEY (role_id) REFERENCES public.roles(id);


--
-- Name: SCHEMA public; Type: ACL; Schema: -; Owner: postgres
--

REVOKE USAGE ON SCHEMA public FROM PUBLIC;


--
-- PostgreSQL database dump complete
--

-- \unrestrict XcVEdYjYXNbJAK4CCIiPodLZIf28DF6MS2kJVYglqZEwBUgCdfhX23LeCOpx3UZ

